,A,B,C,D
2000-01-01,-0.18445834808417017,-1.1069339515378163,-0.6964386075835468,0.04592897459457778
2000-01-02,-0.14107941362920398,-1.9048737427931492,-1.1476566104856034,-0.8150076818458432
2000-01-03,0.19923284393377397,-0.9480983168856887,-0.8468145215310776,-2.031172971193099
2000-01-04,3.0940751466801224,-0.9800059105912092,-0.588808376999167,-0.718285660412173
2000-01-05,2.3334647393406187,0.062352795121825566,0.25536436580719346,-2.4216524745218377
2000-01-06,2.7110806127246385,1.6168206334397692,0.4497584129649713,-0.17000462137572558
2000-01-07,1.5228005671428098,2.1041873377003446,0.14595145396726372,-0.1766892888258222
2000-01-08,2.9725897141748456,2.601072603026065,0.7878926823373568,-0.48516734602845396
2000-01-09,0.9605347031126392,3.7762071288263512,1.6848493019086772,-1.0035788370710734
2000-01-10,-1.0283553863676622,2.5863191624834148,-0.48876282751532174,-1.7592114321410675
2000-01-11,-3.22410354101851,3.4711257385130545,-0.6570338855399114,-1.6303748689724873
2000-01-12,-2.95597117778071,3.602665838868221,-0.6227515321572913,-2.260111732539238
2000-01-13,-2.180436816182763,3.1480405493102084,-0.22411908704782235,-1.5682291850736685
2000-01-14,-2.1703661781408807,4.3225621928066165,-1.3569251923197907,-3.04847615306928
2000-01-15,-3.408070532693996,1.830965826453479,-2.667443274757427,-4.00220077418414
2000-01-16,-3.654553775502892,1.322508448106863,-1.8894811388357113,-4.775217410151868
2000-01-17,-4.060983790222897,-0.4079266016106531,-1.3016342976289834,-2.6484332309661447
2000-01-18,-2.9926686751256146,1.1836056075888324,-0.38543142458463264,-2.5496177361909176
2000-01-19,-1.6589516698036237,2.077886269149643,-1.6778208087258932,-3.1170297312492528
2000-01-20,-2.260744223668028,1.83652020493925,-0.9175104591400014,-2.3166788358848107
2000-01-21,-0.5201968155703036,3.6496591357306962,0.39779364765596514,-0.8337764261336453
2000-01-22,-0.6936138653021278,2.724300300515841,1.418989938673318,-2.1337436939717556
2000-01-23,-0.027676425423412865,4.4854740801952895,-0.8953233836252994,-1.0124568289147506
2000-01-24,-1.1089684071978936,4.828914578056799,-2.097493445302965,-0.7722165126072937
2000-01-25,-0.803189265924021,5.194142217148586,-0.8643294168253242,-0.6508824902308561
2000-01-26,-1.1937834621823453,5.975001297753897,-2.294794620721686,-0.8477869095038293
2000-01-27,-1.3353549105747606,6.035780595994747,-3.40920650556716,-0.9777181044465897
2000-01-28,-1.3374689805710278,7.521130920904257,-1.8517092811318456,-1.304792111483513
2000-01-29,-2.6168985984169355,8.02946724971001,-2.526739671453144,0.021754063500313947
2000-01-30,-2.882077265376761,8.079184416936664,-1.358413529030693,-0.22218372762503566
2000-01-31,-1.6810717785734204,7.9498581785627955,-0.6413488110602014,-0.6078909017327324
2000-02-01,-1.6132642873922345,6.94718139573166,-0.6114900396887387,-0.1571439860655462
2000-02-02,-1.248567813870408,7.475078153870041,1.1188200677753337,-0.568339236178582
2000-02-03,-0.7558365051232268,9.174288042652678,1.4402111840062013,-0.5920930476300169
2000-02-04,0.3303373659105582,9.268060499850503,-0.3507044649858606,-1.2379598729307504
2000-02-05,0.5771282032143982,11.127099778412573,-0.6895911674202528,-3.0229270053375554
2000-02-06,2.075579050781387,13.508574336384815,0.7449367670277363,-2.9721127391413735
2000-02-07,1.0025903186042036,12.779382703481993,0.6390596565191236,-2.490082141773084
2000-02-08,2.611915014255649,13.098894406583934,2.700715757278834,-2.059476473732026
2000-02-09,3.5628982589145965,13.177913620375488,2.4871148739794946,-2.463712707114714
2000-02-10,4.033991564217654,13.702512848091507,1.8522855402467389,-3.089405237733495
2000-02-11,4.400730711608404,14.434881889599096,2.453214126320457,-4.086762271106458
2000-02-12,3.8022395602192227,15.349642761314165,3.0292835537899983,-5.645010104432736
2000-02-13,0.5290414970918262,14.59473297211877,2.7487730305011966,-5.1520913679786595
2000-02-14,-1.4184189891532368,14.659850526830864,2.1890603009184275,-5.2252312820372975
2000-02-15,-1.7834005674719782,14.857052148675926,3.4309963874672285,-2.808361486255264
2000-02-16,-2.5926268541317468,15.01030521429475,3.958493232759869,-4.348268776667002
2000-02-17,-3.23633033072998,13.407006006986215,3.232570854153245,-6.421610842412887
2000-02-18,-0.7654320424264114,13.341966305151182,2.428246993746378,-6.050131919760508
2000-02-19,-1.0492258911818209,12.73226912433846,4.257476374004111,-7.365302480854581
2000-02-20,-2.1689821151909223,13.851314657140435,6.435468619294362,-7.10175130098008
2000-02-21,-2.41322271588327,14.58505207782858,7.265878539152321,-8.166596751442222
2000-02-22,-2.281952613447485,15.048293777127185,8.006064667050614,-9.335042537729072
2000-02-23,-0.5679621704824214,14.104818076915913,9.40654933997138,-8.80153802978519
2000-02-24,-2.2891579825007042,13.891880760222245,9.583476682699168,-8.838997933704963
2000-02-25,-1.8714451030352346,12.944060943468175,9.098255644359158,-7.108255312928147
2000-02-26,-0.449330746762175,13.193202734047226,7.370889451261448,-8.527830177773463
2000-02-27,0.05364329231475451,14.097807748100815,8.350363293290023,-9.380657428787087
2000-02-28,-1.0460850884351571,15.362312698150578,8.800348510580426,-9.630441920377153
2000-02-29,-1.8010086521750244,14.266734709938076,7.220925491560971,-9.017342549209085
2000-03-01,-0.24775366950076605,13.26116680524759,8.36335924741355,-10.421825348460922
2000-03-02,0.21595458257563677,15.031835767690852,8.07729855817142,-9.821698465586334
2000-03-03,2.055072148825655,13.596089505548033,6.55782490342063,-10.186507638038666
2000-03-04,0.6914865730428412,14.506090663569145,5.79384859315949,-10.706316332685688
2000-03-05,-0.949889675729666,14.74019530160076,7.7585663283040525,-10.287531707928213
2000-03-06,-1.4410162196061047,14.406542243945553,7.119730654416359,-11.328414530887656
2000-03-07,-2.2269020293086697,14.38848583836112,6.29460077868783,-11.843339446124022
2000-03-08,-0.8002639619752814,14.029947741550231,6.122043251186176,-12.372394092069166
2000-03-09,0.37293384825614373,14.700260567547415,5.587832624002018,-13.374657488129747
2000-03-10,0.2815744403508361,13.38114066681695,5.89279905613778,-14.580403945974146
2000-03-11,-0.8974954499456959,14.36749620272825,7.367452483951942,-13.962080081234998
2000-03-12,-1.4205849511274673,14.589900763033992,7.331818550874234,-11.961006762550884
2000-03-13,-1.585353630205867,14.183210517167458,7.138493929150573,-10.788723433018895
2000-03-14,-1.3019396979951057,15.584163791072022,6.307696960221076,-11.376411790662093
2000-03-15,-0.8840559542428332,16.30187588593527,5.458528001488572,-11.217321297282284
2000-03-16,-0.7882123515244235,18.0560566848944,4.638822902326938,-10.118987750046715
2000-03-17,-0.5259136166835329,17.514785612134865,4.680501107720324,-9.315036682282258
2000-03-18,-0.9165015396721422,15.923304990731795,3.879883505411455,-8.534030418331135
2000-03-19,-0.5891875821666372,16.885503934125303,1.4069475039225403,-8.632123917107222
2000-03-20,-1.5762569627921548,15.572878708803504,0.26976112470678393,-8.86275565839763
2000-03-21,-0.5731932645303521,14.721080748743688,1.0117572416999927,-7.702686856196774
2000-03-22,0.29016569480323273,14.370482298194734,1.0426197352653626,-7.759967030394355
2000-03-23,-1.3480449805113035,16.062353225252515,0.39220385671266267,-7.336090515445142
2000-03-24,-1.6877351528962996,15.486713282178377,1.1383482213212883,-9.680485507793989
2000-03-25,-1.3343872988646976,17.12327237341606,0.7489014277226653,-10.252383656639541
2000-03-26,-0.7611971627670079,17.48938410551049,0.6307330994518145,-11.630656315485648
2000-03-27,0.6179506159744127,18.13253288698016,1.3752049992581719,-11.18427508757104
2000-03-28,0.2505114191281097,17.834751605775605,0.8689684012874089,-11.542278551635803
2000-03-29,1.625451501329707,17.59536673343294,0.9289951389280564,-13.118940982815612
2000-03-30,2.4412920484025586,17.98737036048547,1.5176983684257748,-14.142122296814488
2000-03-31,0.3592667285168276,18.0306092142626,2.3240991090390164,-13.75777797032308
2000-04-01,-1.020638705455069,16.83853167681659,1.43742872571571,-14.557839666931734
2000-04-02,-0.7666897735666834,15.262256878724498,0.46549587385352476,-13.913817009558446
2000-04-03,-0.7341698521039377,13.148582984647827,1.137484659046467,-14.024743467479096
2000-04-04,-1.6526073138122823,14.251606986021153,-0.5213814984928749,-13.11272098396375
2000-04-05,-1.0188619257583837,15.30404008454353,-2.455858835126232,-14.429030583743858
2000-04-06,-1.8464646529110844,15.88539324003538,-2.762090166644316,-13.98843348004961
2000-04-07,-1.3201652394495018,17.47731077667397,-2.950513695298573,-15.045035620613692
2000-04-08,-2.93772643118783,19.909562555621196,-3.5476405434994307,-14.73446110296126
2000-04-09,-3.116477747368283,20.377890963551167,-3.197360522042793,-15.238870010907682
2000-04-10,-3.155968489211662,23.03805091504229,-3.8587079468114713,-15.087226004596326
2000-04-11,-2.695462583948732,24.003215241857855,-4.718581771079087,-14.028633194124474
2000-04-12,-3.2674858292518025,23.351900755533297,-6.109596096007927,-14.033807981145296
2000-04-13,-2.2184832162998376,24.26668599372884,-7.1746070861271924,-12.742257296467834
2000-04-14,-3.7794894153301053,22.6281974038521,-7.895598319819369,-11.08674183363033
2000-04-15,-3.696090662269131,20.96061271756515,-7.878208122189095,-11.202951425965885
2000-04-16,-4.894992455358817,19.326091514076225,-8.371290078195598,-10.017370687570514
2000-04-17,-5.909867456153301,19.08047138469482,-10.394101265255628,-10.540891714592528
2000-04-18,-7.514568998954871,17.338157235261455,-9.86905940216168,-9.787472368961774
2000-04-19,-7.556666503722396,19.151793186331883,-9.669671271232017,-9.857690017056827
2000-04-20,-8.45990385760669,20.041688624365488,-10.124287590091617,-10.186926780727124
2000-04-21,-8.343800983890905,22.193523740493617,-9.639350949454922,-10.863126233765295
2000-04-22,-7.184965729025418,20.44934158093754,-8.55769677558676,-12.068564237982397
2000-04-23,-7.505395782472104,20.222634672768148,-8.443697458490902,-11.731422407382093
2000-04-24,-8.19146402584413,19.896131460411024,-8.25489136239187,-10.33171091672613
2000-04-25,-7.262808323374587,17.938523642031438,-7.755796813863466,-8.75438465662497
2000-04-26,-7.134282711585307,19.118526993690853,-8.429229319343365,-8.722109390578499
2000-04-27,-7.9425818350487445,18.409546796449007,-7.3148055248782065,-9.197224049198397
2000-04-28,-6.946803764794518,18.056652398414037,-8.014122962932142,-9.092310857609435
2000-04-29,-8.397350115784011,18.036258588213897,-9.13029269285077,-9.207167704015516
2000-04-30,-9.48465016401361,17.67489784978211,-8.279739406339937,-7.780790379166435
2000-05-01,-8.794355200400545,18.3267117876042,-6.88807046723379,-7.45104689784472
2000-05-02,-6.85418389081279,18.235063721463977,-7.684022716099736,-6.051839324621348
2000-05-03,-4.025261873952177,18.740889839493807,-6.228568757948694,-6.294677492890025
2000-05-04,-4.718114577506256,19.12256815496606,-3.8653880930941735,-5.453894619683664
2000-05-05,-4.54549480019829,20.243322980079633,-4.001744833879941,-5.549298648271403
2000-05-06,-5.537429870938803,20.37982292838535,-3.9857290176702476,-6.523177476732786
2000-05-07,-4.9443184082587335,21.233248891059038,-4.2887946920164435,-5.927185624156923
2000-05-08,-6.280485901886174,21.001653332803013,-3.9992890699141754,-5.186622563443601
2000-05-09,-4.7578839548494205,20.016299569451224,-5.254455958978161,-3.926907475795923
2000-05-10,-5.3268858299383375,19.729496560651043,-7.209440325205162,-3.7669419284427033
2000-05-11,-5.0626821821270696,20.87834455835357,-7.243134851835356,-3.148788984899271
2000-05-12,-4.711261985358412,20.355461284863193,-8.739592711427347,-2.0888479222294523
2000-05-13,-4.57812639954451,18.707154592640556,-9.617283204047176,-1.829755544732304
2000-05-14,-4.6191826949490915,18.358711703864586,-7.754162635332063,-1.3766502371726552
2000-05-15,-6.220390384685431,19.02042460315222,-7.729408831561463,-1.1123997658975464
2000-05-16,-5.513328167561418,18.938187091384343,-6.6630174190144835,-0.7856036137817579
2000-05-17,-5.851362495534177,18.622242979522266,-5.895638482111393,-1.1488453719689118
2000-05-18,-5.26960005758748,17.660988452597078,-6.43391427348289,-1.0203707090751652
2000-05-19,-5.329494080413419,17.47353772532647,-6.201117685157177,-0.13141912962404467
2000-05-20,-5.838290840551457,17.13685055493005,-5.603077300388529,0.7200518834635795
2000-05-21,-5.882945582791718,17.778989229736382,-7.3295622738033,1.5130891753069182
2000-05-22,-5.747749735804781,18.214418103502506,-5.636161477049481,1.094568010528758
2000-05-23,-5.205758604734346,18.02104191819539,-3.5154829870317,0.47170637827834994
2000-05-24,-4.046110061568231,16.403058045384014,-4.608640826700416,-0.37326447298755494
2000-05-25,-2.5248912344544125,15.115991374165386,-3.459809668474404,0.4744072934547926
2000-05-26,-4.010546808432462,15.973185922674743,-3.674949059397453,-0.09789900711250221
2000-05-27,-4.555597607146774,17.020205662257776,-3.6794766532582295,1.5773233162432492
2000-05-28,-4.3023394330939375,18.612966093638676,-3.49819432707455,3.1713581896749
2000-05-29,-5.13507670585172,18.505315311402157,-3.1880922077519016,3.5441001043068665
2000-05-30,-4.520098962249141,18.190796873952035,-3.9929308202239935,3.787486043216947
2000-05-31,-5.929643212207728,18.754560347036108,-4.056745023772125,3.631079498491308
2000-06-01,-6.778702285746236,19.099910892981708,-4.18512355527984,4.870713046567731
2000-06-02,-4.9652044777781965,18.237709585777417,-5.389198494575965,5.860249713028858
2000-06-03,-4.152643262167313,19.812735846662612,-5.472310966672905,6.652855588610157
2000-06-04,-4.713365742977905,20.763008356270195,-7.31170306677428,6.940964216503147
2000-06-05,-5.253226956094574,22.04158840760931,-8.842183127650882,6.733516204740579
2000-06-06,-5.033532760195389,21.62281701123309,-8.831307418337966,6.046389273179152
2000-06-07,-3.753171156597372,21.753916400961696,-7.942101733489732,5.265121005375527
2000-06-08,-2.743015187927976,21.906723737592003,-8.236631935483947,3.5594315013552436
2000-06-09,-4.550947756311467,21.949572574411693,-8.629883543401856,4.248576955775293
2000-06-10,-6.822588823727732,21.871794610871177,-7.8303648300637425,5.180782674407908
2000-06-11,-7.9360719437558345,21.242140697252978,-8.577510069832654,5.989809451857512
2000-06-12,-7.657805368685263,21.17091002637484,-8.594717023430354,7.81625665557066
2000-06-13,-5.903793825738873,21.75232531726063,-7.8613620933202055,8.237505372505288
2000-06-14,-5.338470199119733,20.693905398123437,-7.74445384678492,7.70970020270818
2000-06-15,-4.273776520391397,21.112465903462983,-8.636711264572698,9.052124924100564
2000-06-16,-2.8886049987520215,20.353016067999256,-8.528437003708225,7.838513018572234
2000-06-17,-2.7655872257807737,19.833962246478976,-9.710409295427507,8.336402143218155
2000-06-18,-2.312665696924631,19.822302981580258,-9.84604731383531,9.000776568234
2000-06-19,-2.4312847849295767,20.831831856785985,-9.936450694723515,8.57945071056928
2000-06-20,-2.8223624241607435,20.1571848038386,-9.153532495703434,9.458900562115153
2000-06-21,-3.8557993315613635,20.75135250234035,-8.709123591920914,8.066917064919306
2000-06-22,-2.489339545875957,20.89778249771531,-9.557347386136524,8.435207318995397
2000-06-23,-2.5857543815273774,19.831710728599635,-10.19810638838457,9.089616430040332
2000-06-24,-1.9085617991288522,19.16337138660736,-9.376682433497988,8.833647166034865
2000-06-25,-1.2998709990767372,20.732908975798942,-10.205782567527178,9.836254690417288
2000-06-26,-0.7314005706866348,21.30827059426101,-9.938298935784813,11.347497449489149
2000-06-27,0.05478280307473826,22.849643627467287,-10.83895128040177,14.171405447595752
2000-06-28,0.3069186506827031,22.48245691848231,-9.394671092874422,13.776348661757684
2000-06-29,-1.1957910224531898,23.89861479506423,-9.563748387266033,15.779529156786813
2000-06-30,-1.7473161632723597,26.130930829849035,-10.701784143553537,15.750493588698125
2000-07-01,-3.3371246681739466,24.94957378885619,-11.585407996676492,14.59728736768794
2000-07-02,-3.5961633371163257,26.69044175587979,-10.330479839146589,12.915911513247295
2000-07-03,-3.4888442413070306,26.482375036612925,-10.867240036412367,12.641262127537685
2000-07-04,-3.676876497175233,26.068738074700995,-11.186856254311428,13.204322654091914
2000-07-05,-5.7017100545295545,26.11927413915733,-11.683886378225882,12.835749590489655
2000-07-06,-6.354661440694536,27.50828308724428,-12.089065274856118,12.400458434221948
2000-07-07,-5.60919680313738,28.1796676400553,-13.481306732095215,12.244065747833691
2000-07-08,-6.960758864672051,26.8656712586265,-11.496728665460612,13.235984981822739
2000-07-09,-5.5682989807711865,25.53852420230208,-11.416494949033336,13.399982886862258
2000-07-10,-4.42533376159062,28.333501016747256,-12.61249273398386,13.382313136452916
2000-07-11,-4.731631968477246,29.509631708577864,-11.03603939909265,14.48114549371735
2000-07-12,-4.483516942256359,30.095641778645994,-10.624809251757956,14.012924538893706
2000-07-13,-5.858346800986832,29.551171213953758,-12.490244888252109,14.980547521841464
2000-07-14,-5.785513001218234,29.623818063783563,-13.668933056530825,17.133014188902866
2000-07-15,-5.482395923328642,28.54478570426262,-14.624870972287116,17.86020740425352
2000-07-16,-5.638965840228946,28.471332829698905,-13.305539124914326,18.679830717977115
2000-07-17,-4.576264018693422,28.258849464008787,-13.986577204257804,19.253167132878364
2000-07-18,-4.7545115821433575,29.726136774872145,-14.201290445390557,18.472857039125063
2000-07-19,-4.78647420173729,29.963179940104457,-14.337189400602595,17.926686776993034
2000-07-20,-4.053555780859225,28.055792379965563,-13.758304773412727,16.14358686159496
2000-07-21,-4.167763974287813,28.033174082461016,-14.740331911576666,17.23561575879669
2000-07-22,-2.6872164563746876,27.381776976225684,-17.100887174460297,14.36993714639689
2000-07-23,-2.785609721771703,27.107817200244064,-15.974133817641325,15.40422224070459
2000-07-24,-3.1652238137085598,26.7339198398995,-14.21005666825645,16.029648739553853
2000-07-25,-3.1309541074115326,26.97619434431229,-13.249637104308198,16.70876251055632
2000-07-26,-2.4594717200665985,27.23325230454706,-12.381722232801598,16.430106790103945
2000-07-27,-2.2624658184043263,27.309421064674634,-13.703339491655264,15.876918130992525
2000-07-28,-1.6938185434866417,25.188743176471935,-12.129584864514937,16.47525465223481
2000-07-29,-1.4051070603379767,26.604947702201812,-12.851799816137571,16.808553489574805
2000-07-30,-0.3416730510857733,27.021621847841153,-12.87749260366175,16.299274289208963
2000-07-31,1.6611380158269997,27.614785962300303,-12.550354855051946,16.50991989733472
2000-08-01,-0.48112614802916576,28.013111147243226,-12.058924636196508,16.14870523491625
2000-08-02,0.16049977917818592,28.51270776995018,-12.382818364960949,16.053602470201376
2000-08-03,0.3134606708035991,27.999683198503437,-12.058957583067787,16.869219638677514
2000-08-04,1.6523543392636046,27.987620322822615,-11.740946507291538,16.495868568789398
2000-08-05,2.6560419408188256,27.86565097930609,-12.794127399249291,15.828726282392033
2000-08-06,3.502323988802204,28.424697430394367,-12.061112256492715,16.9301661649936
2000-08-07,4.699361962528096,29.596255009873502,-11.88346612854716,17.902792880955786
2000-08-08,4.742149485735712,31.057793543982513,-12.538933694520257,18.16205921357059
2000-08-09,4.081391854160003,30.722196319105766,-12.261048028703367,17.518570298257877
2000-08-10,4.781377233063521,30.391022473430333,-12.628600382527418,16.77696880774559
2000-08-11,5.8008347025968785,30.209281922753714,-12.269906828130377,14.821259640916224
2000-08-12,5.4403020006977565,30.529849110760676,-11.058300079613005,13.129412756229238
2000-08-13,5.701433475653796,31.970828437743997,-11.755034790646901,13.43481329157076
2000-08-14,5.927012513894506,35.02315837004573,-11.088418959955604,13.835094402066975
2000-08-15,7.990211124931365,34.180145524589506,-12.111397883460986,15.84078910554716
2000-08-16,8.7115325876454,34.719964680202345,-12.7376285487083,14.755210442770391
2000-08-17,9.471766911653381,37.10033523102247,-12.036726123772759,15.210061972112136
2000-08-18,7.900725634186406,39.13340923798134,-9.865100561973128,14.573923161604117
2000-08-19,8.470272116300974,37.41297191804157,-10.642208732393708,13.978174396514417
2000-08-20,7.333734958936477,39.038708375434226,-12.30928508879001,13.459977271823067
2000-08-21,6.692767178916463,40.614023789387694,-11.116524795528411,13.127615781903778
2000-08-22,6.2655212196541425,40.51125166023236,-11.997384123106427,12.594406082452698
2000-08-23,6.088090386059431,39.96127528950403,-11.958717023759553,11.725244271095178
2000-08-24,6.377028900256798,40.888191183622716,-12.98006669760631,11.242972167418747
2000-08-25,5.440716710199965,40.034712058370864,-11.033169641251686,10.376200465378112
2000-08-26,4.743168811838014,38.543700641244335,-9.121109872346059,11.18646742083169
2000-08-27,5.503135063189859,37.73413015778581,-8.667125366396363,11.558213010964002
2000-08-28,3.9727859186599606,36.52232270423408,-6.209649464982434,11.762087207083184
2000-08-29,3.174559852786311,36.120848192454794,-6.312915124832438,11.976671586093092
2000-08-30,1.4604620073107164,36.944855824220355,-7.0403201326610345,12.159202618804736
2000-08-31,0.7371271612678432,37.43133131594799,-6.96239669565995,11.602670272267394
2000-09-01,0.4957952423756608,38.33494681183817,-6.232672779327919,12.126082035946347
2000-09-02,3.098529600942936,36.47183152207827,-4.759294678117887,11.06867092396027
2000-09-03,1.7529857803824147,35.026802827478754,-5.114262411824336,12.071615789237473
2000-09-04,2.0346305885974503,35.48829258995953,-5.1330190199226005,13.551267127064323
2000-09-05,1.6176299858221534,36.11443394467943,-3.933702359858004,14.03675760725982
2000-09-06,3.5165103368660025,35.050690895929606,-3.644047226144254,15.08941560261668
2000-09-07,3.86627499186479,34.31463194759686,-3.589835980307022,15.660037819270112
2000-09-08,4.2186467015139035,34.75666197312386,-4.882727908731628,15.926571000529377
2000-09-09,4.399813186475394,35.77476120456291,-4.109193642259373,14.559823514873848
2000-09-10,6.79489811459945,35.35871460745445,-4.135634856378098,14.390447369489397
2000-09-11,5.342460250143379,35.38823535387875,-3.327894770545947,15.192230179881166
2000-09-12,6.1313880854239775,35.035074036029,-3.2903541701035977,14.400075208823925
2000-09-13,4.941633908954801,34.68838273598503,-2.451949639420687,16.568864157414552
2000-09-14,5.08816157957264,34.95868195261518,-2.6259400464332403,17.355398582644348
2000-09-15,4.572122183480088,34.870469302647486,-2.1312675004668913,17.5896749224996
2000-09-16,3.9216249002928927,35.563944205798116,-3.304521891545672,19.02868819034521
2000-09-17,5.252917309976845,35.7975666858008,-3.088419447863185,19.0007781176726
2000-09-18,6.164199838689202,35.99593415990124,-5.259613041556223,19.00926989345899
2000-09-19,4.401512037692111,36.43947598343528,-6.444855896091903,19.003873482106368
2000-09-20,3.848993776864737,38.068670587653635,-7.473844671265236,19.260502053901927
2000-09-21,3.0015292052367464,37.39004440317735,-4.707986150701288,19.733806802286203
2000-09-22,4.363100570657058,36.86031587461222,-5.680365948754127,18.786132331953993
2000-09-23,3.854745899734425,36.36558016247191,-5.5014735798721865,18.577736852155287
2000-09-24,3.7642072770927753,35.63716039720787,-5.045430065395813,18.94948907024096
2000-09-25,3.8781692855778256,36.06914424747086,-3.3178830505410297,19.397619607037
2000-09-26,5.0771436708594475,35.93288987895672,-2.796041824331504,19.28633684578454
2000-09-27,3.658986997232216,36.956354394662924,-3.0949616728828433,20.041208566428843
2000-09-28,4.873727986351574,37.158363593190245,-3.783355251148572,20.147244199756603
2000-09-29,6.12975086451868,36.942968149217805,-2.885874063105584,19.388850532863646
2000-09-30,7.397660089089544,37.03763151106189,-2.754605219167626,18.490116010973733
2000-10-01,6.093902275383068,37.89005670801384,-4.22433467790006,17.330462075947946
2000-10-02,5.588087235510875,36.70347124676813,-3.881441894904029,15.663888090223915
2000-10-03,4.1268758347037675,35.43523273904992,-4.460239341641339,16.414510946397666
2000-10-04,4.83242583079432,36.628730810090715,-5.796380925514178,18.183509034749214
2000-10-05,5.1065556181741885,38.22676172944508,-6.169454543431613,17.71021865740293
2000-10-06,3.457433678131622,38.8094545402924,-5.092130249178002,16.04774542075559
2000-10-07,1.0680243784421437,37.65662320277099,-5.918306364950618,18.52902301117224
2000-10-08,-0.2470756388783577,38.080685541399184,-6.275752222877146,18.39743685058888
2000-10-09,0.16665018996876502,38.426362272545305,-5.538933569955136,17.29988570375447
2000-10-10,0.49031785912536596,40.01151976399195,-6.306298457452285,17.392806762449645
2000-10-11,0.7020283804580171,41.47769000821946,-7.523526108853209,17.160217155870928
2000-10-12,1.0334342396585283,40.24846073009542,-6.997505886404366,17.07563955139696
2000-10-13,-0.4216411129685267,41.59656810881802,-6.307846802565857,17.040395546319743
2000-10-14,0.901711463146597,43.62474884793952,-6.18376518759758,17.685070618827165
2000-10-15,0.8956239992119504,42.31442113336926,-5.429342765514254,17.892754325906694
2000-10-16,2.8479179220336404,41.28878351513258,-5.540297972975831,15.351439046619273
2000-10-17,3.5743797732075158,41.16619861701533,-4.572017086719291,15.207259936616602
2000-10-18,4.541017732470656,43.31954903528812,-6.800356513260272,16.509728829341213
2000-10-19,4.2199791921953445,42.164027434795,-5.672069907466257,17.064224541004595
2000-10-20,5.3453960687278315,40.428841842195,-5.293446043826481,16.776922711053057
2000-10-21,6.995375969490667,39.186602758306925,-6.378993683718173,17.41744046715641
2000-10-22,5.9040460397728385,38.64936420123825,-5.956953554261951,16.09069774014042
2000-10-23,6.301432882940398,38.99455262957309,-6.382830931220115,15.086544658242108
2000-10-24,5.732087930368423,37.50384632810609,-6.484160661157491,15.771156716231234
2000-10-25,6.13994927014335,38.81088693361931,-6.281870610240698,15.540338534359432
2000-10-26,5.2878875395368015,36.93681006773182,-6.3173241136730605,16.80300564769417
2000-10-27,5.838159095990738,37.343594864491685,-5.731416936896361,17.414168899422148
2000-10-28,5.779404918771269,36.63153039332708,-9.06483902979812,16.465197327246052
2000-10-29,6.260656621717064,37.238816444358726,-9.706808577311397,16.72731211616504
2000-10-30,5.141854819358858,36.01613026474023,-10.154782930186887,15.496833987453325
2000-10-31,4.852934401043097,35.90758438682634,-10.314639950346915,16.73511145819747
2000-11-01,4.402213465334585,34.75395265608335,-10.322290335382563,16.443954718033385
2000-11-02,3.1250644159397813,34.85000504573387,-10.30909734918382,18.34223050367068
2000-11-03,2.039142699963306,35.06008253902088,-9.34374477937103,19.117575700485563
2000-11-04,1.5758871751990484,33.50627928413257,-8.959684225563958,18.866076085684778
2000-11-05,2.4046431972340283,34.33761910648968,-8.464334893028447,17.542571939677543
2000-11-06,3.5700971703318336,35.407384903530456,-8.019757586229113,18.61476932828037
2000-11-07,2.3275416457020284,35.38815075845622,-6.496340142766029,18.50696987754011
2000-11-08,1.9188450835251838,34.84103075634802,-6.5294199628321525,17.758890580889364
2000-11-09,3.196664003670585,34.24316213986692,-5.498720326359276,19.32950658098413
2000-11-10,3.1855823542330266,34.61840707319555,-5.438712082325266,19.069398843673582
2000-11-11,0.2634540713704996,34.86207945813127,-5.974805467112404,19.213858217510634
2000-11-12,-0.19960358703197378,34.03036261075298,-4.74931636389795,20.034443502699364
2000-11-13,-1.5197842906293593,34.12785313361511,-4.416232146445063,18.73514251300092
2000-11-14,-0.24578014733748588,34.7468752499719,-4.811720269002082,18.59678102128963
2000-11-15,-1.5137433597513184,32.79405934811941,-3.46541977873588,18.585827124461883
2000-11-16,0.717937842032716,31.80619933989844,-3.9613015645829845,19.064286666544163
2000-11-17,1.4715267010949855,31.33803856930389,-3.964771375521057,19.13284464111271
2000-11-18,0.17352005533441184,31.22517385068067,-3.373589116412289,20.046074138662046
2000-11-19,1.6082791535395302,32.59250833282617,-2.7291791678904747,20.001216552306566
2000-11-20,0.7296341339857703,32.495830653974274,-3.7331030406596604,20.45429347392639
2000-11-21,2.2991568571365475,32.690685916536864,-2.407776083298335,20.884934662082355
2000-11-22,3.0729529047351045,32.77953509799935,-1.4707236211910022,20.094866705107222
2000-11-23,0.9995050823368321,34.06759066611802,-1.7008870643434837,19.81166453596056
2000-11-24,1.0457357590983907,35.57828856669549,-2.777017158340222,18.7900169287534
2000-11-25,0.2599827404748325,35.84520507077843,-4.533092965308722,19.720606454335922
2000-11-26,-0.7169917188979982,35.9496695518492,-5.439800913211359,21.540573253455623
2000-11-27,-0.9975965157655542,37.36849136914316,-5.4673766884303925,21.50935734771684
2000-11-28,-1.2217792284633928,37.899138588141575,-5.467175141125147,21.670015188074885
2000-11-29,-0.1186045394280415,39.12328424263229,-6.525337738934546,19.646153727639163
2000-11-30,0.6730583906529052,42.245707280773644,-5.259034552041433,20.573725834507858
2000-12-01,1.3083656256626928,41.9376760729874,-4.881941706837855,21.54588966740224
2000-12-02,0.7025620261239135,40.98765989111154,-5.035974716343044,20.8980750047224
2000-12-03,0.7483664373403243,41.89437905541496,-5.575309892868093,21.80294379236177
2000-12-04,-0.41299410659643265,42.10940651439717,-5.748628544399418,21.77821413010505
2000-12-05,0.2576756560497617,41.84309784535182,-4.555990763106847,21.63074127382148
2000-12-06,1.194929233179546,41.606590536269294,-5.258608688188084,21.989906019902165
2000-12-07,1.8107657047492027,41.96009787877982,-5.2906833393453825,21.988248388525626
2000-12-08,0.9538187637175415,43.4761038279758,-3.861173011996951,20.8487750226501
2000-12-09,1.5278052726803164,43.829893241051195,-1.125958135380427,20.128673286648652
2000-12-10,1.1945972363369957,43.18420543932993,-2.580641464900025,21.10623612080361
2000-12-11,0.7189382819071395,44.973229206204266,-2.676339282960658,20.069849222815687
2000-12-12,2.376014489817546,44.18848112726934,-2.7312317211052344,20.547185584131057
2000-12-13,4.5244059544512805,44.294822339572555,-4.05491871985081,21.017963527707458
2000-12-14,5.1060968008230745,42.62425094591554,-3.942801952145336,19.444088042812062
2000-12-15,4.289207974425521,42.921733891663564,-4.613788897658463,18.26301762334387
2000-12-16,3.8948052006766516,40.5803294763579,-5.84964081409555,16.50845408314664
2000-12-17,2.600896984304059,39.23430050686958,-4.9136495081354905,15.604524086883105
2000-12-18,2.776293105154949,40.609877612887004,-5.755138855976208,16.136258738993828
2000-12-19,2.4581143124250673,40.09166953763594,-5.271355107376202,14.151696266150816
2000-12-20,2.4452056582471844,38.952070985167246,-5.119975953888477,12.79825309221571
2000-12-21,1.619123159869972,39.835200555090246,-3.839111262720568,11.788633225142506
2000-12-22,0.6471554063315328,40.70882583419252,-3.8608322231676837,11.93213297438861
2000-12-23,1.507340417047046,40.824753572654465,-4.391451539110085,10.758567919815945
2000-12-24,0.8791173028023294,39.6464369260237,-3.0503203973965602,12.327164231706472
2000-12-25,1.219658654368036,39.82137684251255,-3.170108383227697,13.664463366851415
2000-12-26,-0.458749583525047,40.62674895065257,-2.8962510796784566,12.91692730340992
2000-12-27,-0.8768730401898244,40.114019761813076,-1.9652130793995028,12.360901812498293
2000-12-28,0.20225848394142454,40.754190579926735,-2.7506722503353482,12.09402594040779
2000-12-29,0.742622664022982,41.32508390377035,-2.271361653114516,9.90830664285983
2000-12-30,1.1762064679290003,41.778669040258954,-3.220884573593528,9.921135104263545
2000-12-31,0.5481130484995501,37.701356134214876,-5.3497079164926795,9.984272712013544
2001-01-01,1.4007822599869266,37.43163809445666,-5.8577820582130125,11.509294187813964
2001-01-02,-0.11123446333561371,35.416102507197664,-5.71290756988125,11.031839411307786
2001-01-03,0.5234808097736621,35.86166071134306,-7.521898614490486,10.749424548357547
2001-01-04,-0.7758964553042429,35.06797755685148,-8.55605981068964,9.697345155730758
2001-01-05,0.010460635812787666,34.87764445164743,-8.069846179350813,8.979286909032982
2001-01-06,0.5794418092393877,34.71130828878738,-9.30564333650908,8.96944403815513
2001-01-07,-0.07726492936080487,34.44928930682782,-11.095940996060607,9.276507562751046
2001-01-08,-1.9246643052564374,34.83152500976269,-11.612813105932874,9.230749371129136
2001-01-09,-0.7829618903061228,32.99478683270645,-10.859874264291495,10.855972178774987
2001-01-10,-1.7601073900961417,33.877979370547344,-10.38924659255276,12.803727926732995
2001-01-11,-3.5272587012068843,33.89915884073442,-11.144271620691342,14.714178932434034
2001-01-12,-4.335286241825673,32.56829018417282,-11.137885162127136,14.890736325736246
2001-01-13,-5.714320349785062,32.83382754134154,-12.171206884887349,14.205910296833434
2001-01-14,-5.088940558457947,32.59288165867501,-10.981026196322171,15.599569881963209
2001-01-15,-4.897593382714743,31.819070171066954,-10.8149054311113,16.29119295292267
2001-01-16,-4.173488009729045,31.38652126007652,-10.932644763016043,15.315627659791739
2001-01-17,-3.1922111194565033,31.87530852746585,-10.331305555951644,13.880829706182004
2001-01-18,-3.2621505991846025,31.627851564159204,-11.112205243402206,13.795259321115951
2001-01-19,-3.019229952659685,31.24447003729396,-12.619965472161706,13.22942499321089
2001-01-20,-1.8885750413901394,31.15031888297006,-13.33139159772483,14.780068438323234
2001-01-21,-1.1126337815685332,31.718676989511813,-12.531749084346462,12.732020763879767
2001-01-22,0.6512686010025304,30.74301505227416,-12.85083126704452,13.518172772306063
2001-01-23,0.7933984245978525,30.819007322419452,-11.972321860836814,13.41615791415741
2001-01-24,-0.5785386050661612,30.696858430138686,-13.85011894313302,13.82835723138868
2001-01-25,-0.504415828446659,30.17457024011115,-12.303754558303453,14.643584719329441
2001-01-26,0.12593870869465051,28.982971235091,-9.677258554308434,15.010217730166119
2001-01-27,-0.07155364455399943,26.3916652708662,-8.041702898457043,15.1002244045193
2001-01-28,-1.4464010030410168,27.829553537105177,-10.006685185808411,14.892473458269642
2001-01-29,-0.3732420008914812,27.11350926300689,-10.097659398891786,14.588374109047741
2001-01-30,-1.4370669538344027,27.593519085706014,-10.739796167279692,14.188804064834347
2001-01-31,-1.028231686776095,26.045825766593804,-9.802678392608566,14.943661115008368
2001-02-01,0.22704228520751135,25.12668042530028,-10.04305818280401,15.90909918035553
2001-02-02,-0.8448757710083401,25.22776685725449,-8.148840458647262,14.889259612435131
2001-02-03,-0.7404181931082072,27.737369623518802,-9.400321794366846,16.880171875028566
2001-02-04,-1.1305973969366487,28.56244704353483,-10.546629527534186,17.237849349010094
2001-02-05,-1.9407560406469226,29.231030930405737,-11.166094836839921,16.52468064003914
2001-02-06,-3.033894049415202,30.28952132409635,-11.283214401712529,16.180291597952852
2001-02-07,-3.6062292330417565,33.372933930444255,-10.812122849731946,17.0466861739927
2001-02-08,-3.9037496581226776,34.72431401163323,-10.35727701459554,17.33109179234067
2001-02-09,-4.632169575767795,33.393332282511935,-10.766450951625323,18.261829689309828
2001-02-10,-3.8201907228785243,32.721283260689034,-9.036751185708109,16.33889677028571
2001-02-11,-3.575542658323708,32.842137323519296,-8.426639343144297,15.89224089621413
2001-02-12,-3.894438506409735,33.845101504482585,-9.02797575420395,16.30563071480332
2001-02-13,-4.403853627843358,33.1852217292186,-9.289214424984921,15.228009523458896
2001-02-14,-4.9343721688206665,33.66916223614058,-11.310581170739376,14.669424826126107
2001-02-15,-5.106299649559552,34.632641556162405,-10.346522925652057,14.345963607287725
2001-02-16,-5.547528999373439,34.48246166973626,-10.209757625078417,14.642160379797328
2001-02-17,-4.333025202021682,34.3207560669569,-9.415785440415092,15.330691131482041
2001-02-18,-3.49125438894651,34.74318373072949,-9.998036092905684,15.836006551720823
2001-02-19,-3.6791250238018094,34.89567720838251,-10.032209149349166,14.646221083978016
2001-02-20,-2.1461263184553103,35.327852861664276,-10.490908354753023,14.164276943606106
2001-02-21,-2.050995203886334,35.20453227650869,-10.573721403853623,13.809586111781002
2001-02-22,-3.1439075421865126,35.79708612734722,-10.775277749571327,11.911149349272078
2001-02-23,-4.236940672722175,34.27035103082565,-12.418726876629336,11.471606111781588
2001-02-24,-5.868733723800492,32.50684321676288,-13.473366004442621,9.304987899780912
2001-02-25,-7.089570763396355,32.13591125439827,-14.951865603712339,8.269153094366489
2001-02-26,-6.698900194384068,33.33295227603899,-16.43331350444432,8.349389440807787
2001-02-27,-6.9802240240127675,34.9860818440195,-15.95885783596345,9.014620457373217
2001-02-28,-8.170348978469384,34.27182375370319,-17.640005314893795,7.728751062231547
2001-03-01,-7.495414541268701,34.42702666147568,-17.595776511818126,9.547951535943568
2001-03-02,-7.364950013625037,34.134125489936956,-16.993605982851452,10.233727466779603
2001-03-03,-8.418763972572638,34.38168619679156,-16.513943472326236,10.10323102061921
2001-03-04,-7.829831526847564,34.840314630822604,-18.150889067213264,10.03339234454935
2001-03-05,-8.837560176037405,33.11675815130063,-17.51947265970894,10.157048450838756
2001-03-06,-7.100037510169234,33.819572929356376,-17.70565784509527,10.786652095982147
2001-03-07,-7.326069253231108,31.74999098357603,-19.908322146309278,10.06303356372399
2001-03-08,-6.315155409956909,32.07747862357763,-21.366577799584743,9.257655671229939
2001-03-09,-6.49251407676941,30.226972024038492,-19.87881998996046,8.905866815839607
2001-03-10,-5.928049210663347,31.615040620960826,-20.204569836072213,8.469467430888413
2001-03-11,-5.121485679698596,31.79935818200474,-20.397587552199923,6.539969641741972
2001-03-12,-5.743702581655821,31.74074178916679,-21.15964854275495,6.993706474879385
2001-03-13,-5.784429741110059,32.530984390768566,-21.083586370257546,5.580041784706042
2001-03-14,-3.119279155865137,30.88158282884734,-23.048440517128835,4.865634523451263
2001-03-15,-0.9264489809966121,31.270476722041522,-21.89532794387278,3.6585705490123592
2001-03-16,0.8288726089732359,29.265908224164853,-22.21963758494713,3.600784912373191
2001-03-17,1.1766490487647236,29.92503217206058,-24.139728893349613,3.9631666189613157
2001-03-18,0.9912272068610252,31.363428993163257,-24.613562552024856,5.351430005670058
2001-03-19,1.950687936338435,30.22573202269468,-24.31969597682194,4.741353546223678
2001-03-20,2.5009849399178625,30.307753445413827,-25.70421986915262,6.126022666570348
2001-03-21,3.4749149823858247,33.09191292195656,-25.29671226588725,6.743831676643944
2001-03-22,4.723631735233994,32.51762781280818,-25.343139579371883,5.890356734359555
2001-03-23,3.3327140300185696,32.88055845829919,-23.47327433308321,5.883787872316077
2001-03-24,3.653444269856884,31.675833582598642,-23.159544798697503,6.497546688823707
2001-03-25,4.847780947811682,31.376895186948577,-23.395044929580017,6.943569034571628
2001-03-26,4.173600543849885,31.41110034482174,-23.83894308982155,7.614451643635987
2001-03-27,3.7451383843462565,32.16014052560738,-23.39145147913124,8.468072826428415
2001-03-28,3.6392026906944372,31.061270226388523,-22.648928904243764,7.189310000343717
2001-03-29,4.438006772463433,32.30698041963992,-21.53957578348107,5.858476956514058
2001-03-30,3.6335822049722206,33.477222889196014,-23.10904067875819,5.961079504404978
2001-03-31,3.4417855209382346,32.504927637132646,-23.27771794515263,6.618972709161733
2001-04-01,3.887062912980746,31.58901436991409,-23.398758278531464,6.803784558134414
2001-04-02,3.394280475184646,30.48524534801932,-26.81756209966964,6.747158212328217
2001-04-03,3.5893811510174,30.713682026037922,-27.7929840898371,8.64024352807302
2001-04-04,2.324433170014963,31.44633314346285,-26.58841318095055,9.157208291520947
2001-04-05,2.420565836876203,31.370925382139895,-25.800598420992245,8.635567570484506
2001-04-06,3.037796235205413,31.402024892327262,-25.704840343153425,8.83640537910226
2001-04-07,1.6545315583447802,28.37026551229884,-24.699895545593787,9.362575799320883
2001-04-08,0.12285966583487307,27.33852106222681,-24.751353824403765,7.972119060270497
2001-04-09,0.8633229171637233,27.15271113363677,-22.467932173952093,7.276062516791768
2001-04-10,0.5354228822992162,29.341756307330503,-23.70195053684632,6.652557727893075
2001-04-11,0.01335631603746168,28.711726482850032,-23.86511850792738,4.921747722640849
2001-04-12,-1.0147903508811074,29.406534040738133,-24.65423898280504,5.250533187980274
2001-04-13,-0.6218688636880654,29.778642725979036,-24.716011719564083,3.676888633293889
2001-04-14,-0.9714006796436361,28.754267493803454,-25.517251610392517,2.7391552093865243
2001-04-15,0.42877592638356954,29.372383717121682,-24.32838578398748,3.167110787423436
2001-04-16,-0.5224429315653043,27.01202970721314,-24.821356359506858,4.4715173346734645
2001-04-17,-1.209143468449934,25.14012467299696,-26.016059692032513,3.158526107029174
2001-04-18,0.11812459641984452,25.61761421395948,-25.68544078590137,4.4947688695180865
2001-04-19,0.5203370340807115,25.591981131824525,-27.361327081153362,4.856421157946872
2001-04-20,0.1260615658909387,25.662899235601447,-26.81004250947452,5.767349249935766
2001-04-21,0.355018333606144,27.234220842750116,-25.2348521434703,7.635071428198373
2001-04-22,0.5452642929560585,27.47966898776028,-25.29695399251485,7.280987825594195
2001-04-23,0.8057905339719669,28.824155145392474,-25.95842626416967,7.056070108692922
2001-04-24,-0.48010052658258884,27.96876747377882,-26.62437784983051,7.809993948791567
2001-04-25,-0.6939578634759616,29.806543420805127,-25.291335438469073,7.960813806686481
2001-04-26,0.2901716773217856,28.952366858476495,-25.682445082895878,6.573738864503771
2001-04-27,-0.8296661950146665,31.27724690151322,-23.141000777783898,5.300226451493511
2001-04-28,-1.2175399914717715,29.291954896980126,-22.657648585613792,4.403612554243774
2001-04-29,-3.173137434963812,29.288265690935397,-22.520105161311488,4.658321011905798
2001-04-30,-2.7886983694167746,28.85313356295181,-22.253740847227483,5.143376979831087
2001-05-01,-2.5957438198868616,29.878842942089307,-21.898595599733813,6.8299947956465035
2001-05-02,-2.167069735811641,29.848002996167313,-21.299540651971444,5.874274646159097
2001-05-03,-5.100494525424596,30.410620568671252,-23.146614855761946,6.25470294420023
2001-05-04,-2.6981311182549383,28.995230250443694,-22.27375079560681,5.400877552457441
2001-05-05,-4.284152528433346,29.13261030099908,-21.22832998937821,4.852107532060747
2001-05-06,-3.492468525482092,29.34926723624098,-21.53795816981755,6.093795755300874
2001-05-07,-4.672463575521983,29.83610792610093,-21.039119223470944,7.221573096711417
2001-05-08,-6.377293579603412,28.61719574913615,-19.37241012162961,9.107715709149542
2001-05-09,-8.309683084192432,27.397222932302725,-20.082770026448184,10.729266446404292
2001-05-10,-6.700108876509278,26.910834580335717,-22.33344191290457,11.894061893962238
2001-05-11,-6.589444446119142,25.01454850527368,-24.649336612841804,13.514790535862248
2001-05-12,-6.40038614867479,25.100093944786078,-25.41474061922764,14.448347763256953
2001-05-13,-7.445648010255686,24.079717685785045,-24.41126531695913,14.279078791214932
2001-05-14,-6.779249228838414,24.801192315034058,-25.74076241298111,14.561222863597093
2001-05-15,-6.229259261714586,25.150281622070324,-25.19218262185971,13.103040228972711
2001-05-16,-6.504491683174475,25.643638540950334,-25.263568381643054,13.303321646851392
2001-05-17,-5.936009420904746,26.077213204538268,-25.87452126852932,14.20302268672117
2001-05-18,-8.684925616711066,26.112214886743157,-25.615610833773065,13.504797653754999
2001-05-19,-7.979085699980382,27.210590249845648,-27.827694597835446,13.00709582792993
2001-05-20,-7.490355953422685,27.5678222690547,-26.918776740747045,13.946460027477988
2001-05-21,-6.241036844684,26.57897358932824,-26.748107108742307,14.849589292508384
2001-05-22,-8.264652370416135,27.838734885841603,-26.578045653913687,15.12291373194293
2001-05-23,-8.031311473322264,28.508072577008914,-26.017916828521912,14.661244929173096
2001-05-24,-6.57680944508571,30.650683573928717,-25.233179017384405,14.430712725292675
2001-05-25,-7.385089384757179,30.74464236573492,-26.07662178525353,14.086317350937929
2001-05-26,-7.031108409742833,29.464153930482563,-25.42923010717758,13.961966772003864
2001-05-27,-8.757108736224959,29.454149432451413,-24.700281524463904,14.809028838935882
2001-05-28,-8.93283657263571,28.269453358272514,-25.663488464575575,14.530076866200444
2001-05-29,-8.07325375978925,28.08007394826654,-23.42249855137657,16.042722972474156
2001-05-30,-8.650100592784513,29.473702848131676,-23.64789141988937,16.005112768529695
2001-05-31,-8.322630492626294,29.557583582042362,-23.11775955740957,16.505870846074103
2001-06-01,-8.19149360057261,28.83685971164651,-22.051475982000962,17.026952241850374
2001-06-02,-7.830888315339551,30.14895911822311,-22.511975303369496,17.468632826178244
2001-06-03,-7.043233060669592,30.51523568453757,-21.122136984744426,16.84858712791927
2001-06-04,-7.711401467415021,29.546734163532072,-20.1050692785127,16.964791708597236
2001-06-05,-5.947708968054134,28.68658657942166,-20.68428204060591,17.79248804422327
2001-06-06,-7.013957647748434,29.50053299135507,-20.982556471098388,17.128841596619033
2001-06-07,-7.566142942524358,30.066292226170766,-19.891271731376662,17.174143487108253
2001-06-08,-8.536523429027113,30.273132745063652,-21.974681729361386,18.351829362686477
2001-06-09,-8.47530898521469,29.90473180534418,-20.974940816494716,17.375918806310448
2001-06-10,-8.300469507307334,31.511807695234513,-21.26352264864498,16.6438876110173
2001-06-11,-10.021835273542,29.880885444255274,-20.768368925670238,13.44164436455608
2001-06-12,-9.929310420509234,29.984525857077493,-18.798902311104552,13.225240906266615
2001-06-13,-8.278526489740912,30.777365413401736,-20.901317745999886,11.50615082513029
2001-06-14,-7.575015756058225,32.464128869369716,-19.080600819877642,11.080908341121653
2001-06-15,-8.497400336109528,31.568203546190684,-20.110775583456647,9.431295864424074
2001-06-16,-7.544810946329201,30.00652114544175,-20.646609805215295,8.501335802433381
2001-06-17,-8.262772696317478,29.18646327571136,-20.99106449302708,7.511156054749697
2001-06-18,-8.271390805964403,28.77252511630264,-21.57389248929265,7.732731859657106
2001-06-19,-9.316557440434552,29.430228147509446,-22.1966187091766,5.863485238312241
2001-06-20,-8.782680592625296,28.79659176981064,-21.800896924824485,5.475740661535701
2001-06-21,-6.530917581020675,28.101497351029398,-21.543351597315496,5.511163768079026
2001-06-22,-5.293424782780463,27.984655931393345,-20.938819815308428,5.360072844588469
2001-06-23,-6.872392248798,27.89025732814757,-20.554362619656395,5.201572570875846
2001-06-24,-8.512292168737197,28.147473147895713,-21.232272528520415,6.772261973206708
2001-06-25,-8.012892845735498,28.353913535731785,-22.296227168400033,7.600571540852055
2001-06-26,-7.74889702816713,28.199457805995046,-21.642488015051246,7.622261628749423
2001-06-27,-6.572245232129015,28.047687912792917,-20.68534560422768,7.79746897729738
2001-06-28,-9.308447154035555,28.583983615714622,-19.83532363908474,8.096974490182804
2001-06-29,-7.993574967750497,28.945815487679795,-20.971874330754833,8.404763913278783
2001-06-30,-8.607353395954888,28.805295223669997,-19.66528088648765,8.669021124330236
2001-07-01,-10.33713189565816,29.669294840654192,-18.4116014206708,7.109358416362294
2001-07-02,-10.181618967256282,30.380481921908412,-18.53029182255994,8.644712512890154
2001-07-03,-10.29642651681603,29.9932712729452,-18.75044440539288,8.927331619758245
2001-07-04,-10.935712937301977,29.502093882131785,-19.450926728920763,9.102022772644679
2001-07-05,-9.81612308429673,30.358019119119053,-20.334668932360163,10.849666917004233
2001-07-06,-9.776330862659394,29.441089869837043,-21.072922537474582,12.048505669391918
2001-07-07,-7.801564718073377,30.047684403040037,-19.97488770378201,12.433656546347912
2001-07-08,-9.44307304474592,28.98019396018335,-21.19314416736942,11.663294538653414
2001-07-09,-9.741457280033456,28.740293274867742,-20.6357476802073,11.642021660359056
2001-07-10,-9.370561187650942,28.076997710603692,-21.281279832633516,10.90125195445411
2001-07-11,-7.766027854214028,27.27110937160345,-20.161192079490117,10.22736356247509
2001-07-12,-7.636164281743534,26.439332155105813,-20.604247103022896,11.622630538097827
2001-07-13,-7.261497073760901,25.58835873141952,-19.75120813467437,12.00562027720108
2001-07-14,-7.855031675539578,27.187088154931867,-19.452037690154192,12.901047214327333
2001-07-15,-7.752259289662062,26.960878630471363,-20.281025890139578,13.023343217137771
2001-07-16,-6.918688997310271,26.28300389994508,-18.88373781324023,13.475649566247236
2001-07-17,-6.061282580061815,25.849257032232625,-18.774167154446292,14.905776677692591
2001-07-18,-5.233247573712531,26.665227407616893,-19.500427254107716,15.374930055437687
2001-07-19,-5.300585261609756,28.07336594807044,-19.996768470054885,14.592565397325062
2001-07-20,-6.235232093425591,29.45123206335799,-20.539267945703997,13.628252579415244
2001-07-21,-4.093653931803219,30.91563291381812,-19.99073282842855,13.509086755430511
2001-07-22,-4.642121373980149,29.876868238842086,-19.325119323191654,13.250122854219589
2001-07-23,-3.266423101216933,28.899270582340456,-21.167811008549688,14.348333602158483
2001-07-24,-3.3298780824296967,28.86340310193604,-21.639473116094177,14.816085369883274
2001-07-25,-2.7252543519538044,28.355050789070425,-21.11751430536782,16.436828258148793
2001-07-26,-0.5120872580963196,29.35864767810782,-22.118721494875103,16.297425183421336
2001-07-27,-0.12145123304641492,28.563856040923472,-22.871649418227886,16.467093733539038
2001-07-28,-1.550299536571837,28.941036177425925,-21.317563524836984,16.80066641882467
2001-07-29,1.3042657057052827,28.74824592326635,-23.524909788743713,17.650482400870942
2001-07-30,1.7375748372173088,28.130648156547004,-24.96990758792976,18.366826964456376
2001-07-31,3.2960772800926605,28.554300797616204,-25.485268923779227,17.616013757454294
2001-08-01,2.691196493884728,28.948189532399994,-25.569490022659515,16.79565615106805
2001-08-02,1.8971745646456288,29.814610300243174,-25.72441761367037,17.371222998167344
2001-08-03,3.194363573414066,28.29086782453969,-25.4754270279668,17.183439204672744
2001-08-04,1.9542886289096608,27.974864659364254,-27.23070569073269,16.03714146544244
2001-08-05,1.4843361670735162,26.635292632301006,-27.012448005244078,15.890767948788262
2001-08-06,2.0213526035925,26.352483019241596,-24.691601530646544,16.5785742260597
2001-08-07,3.2804188127296348,26.571685290075866,-24.20306330811798,16.63232805199432
2001-08-08,5.5518545445636125,27.55018057129267,-26.365759500134814,17.154238591034797
2001-08-09,5.24625870751847,30.379919741439288,-27.780046353145252,18.969231848759186
2001-08-10,5.186590540477572,31.53291737902822,-26.165487409277087,18.39536106356976
2001-08-11,4.31228991708565,30.6762859410409,-26.6830114278821,18.150629720612162
2001-08-12,4.346633372910795,32.43973040840055,-26.70437232332746,19.82672303720081
2001-08-13,4.640821342579536,33.4788646999353,-25.52906061131867,19.013645895370693
2001-08-14,6.919030638518931,33.49808674905771,-25.574110132819634,21.332550769430853
2001-08-15,5.931518490304394,32.87285181865526,-28.61748442348716,22.851052131990855
2001-08-16,5.101055774542096,33.074994919202766,-28.612684989599988,21.54048296857539
2001-08-17,5.669234430972476,33.26843933813702,-29.626159303773242,23.273218053593446
2001-08-18,6.429436422937767,33.887568496526896,-31.396368480837594,23.370810129436784
2001-08-19,7.87053079624448,32.77337331747579,-31.158302968731856,22.628842215992783
2001-08-20,10.027102046532633,32.45028661844261,-30.024942166856874,23.233031591125908
2001-08-21,8.77680885047596,32.84349459631998,-29.977202854381538,23.64111599439244
2001-08-22,9.286192394417029,33.48298534987071,-29.291884445431087,22.247866533348194
2001-08-23,10.791951233688073,31.779238210592887,-28.978781853610663,22.577228499422322
2001-08-24,8.98423853473226,30.76818829374067,-30.435441351354637,23.032940038090643
2001-08-25,8.601122610193102,30.107066081715217,-32.239340783703604,22.614298957157896
2001-08-26,9.444795904453843,29.352502655708665,-33.170989638306196,23.856286944967138
2001-08-27,7.905897388031239,30.06165789469607,-33.53543975348156,22.02083101027328
2001-08-28,6.382497972380637,28.88899922703663,-33.09859126259701,20.63309098136075
2001-08-29,7.142008517505444,30.773183404831943,-34.51013952375304,20.246697424406296
2001-08-30,8.19822709658185,32.74856751837731,-35.23492652060128,20.793541494952418
2001-08-31,8.739366268234777,32.477595264251,-37.61645078807866,23.358193454067134
2001-09-01,10.164718343959183,32.912880795664954,-36.361100460824986,25.35274796048345
2001-09-02,10.31842011298096,31.284173845307283,-36.616079662766914,23.878372544134137
2001-09-03,10.976013976276134,31.02536914726294,-36.60457358988105,23.110426683622528
2001-09-04,9.361508790941588,28.674511829756444,-36.48644295520746,22.794909166885656
2001-09-05,9.494880045522683,29.964852803313953,-36.975294721215676,23.002687268167147
2001-09-06,8.629087035264268,29.756885411171567,-35.45151088452003,22.667563951425155
2001-09-07,8.81386358308692,27.470158337279617,-35.08820128389376,22.098936475939414
2001-09-08,7.839410117865628,28.60793154464399,-34.9015600690617,22.001798759863437
2001-09-09,8.665817350562858,29.56655715098895,-34.802846305835274,23.22931922369065
2001-09-10,8.68675266043742,29.242719093455207,-33.392529175788475,23.080728466926654
2001-09-11,9.254400553677886,29.361197621934146,-32.77339546928757,21.839373836466525
2001-09-12,8.534562312142278,28.663073178787133,-32.40180436384022,22.202124190663255
2001-09-13,9.315693031438599,28.665045893249545,-32.52925419958146,22.213222779106715
2001-09-14,10.871121387196988,29.377616804612817,-32.222370267566205,23.593229607005018
2001-09-15,11.626901491840172,28.39607483817707,-31.41337522006419,21.94470537418338
2001-09-16,12.059269423306743,27.531419440992007,-30.59563796172593,21.683557875178092
2001-09-17,12.88645365089178,28.317387939429832,-28.89063206566587,21.295948856300363
2001-09-18,15.36318206811485,27.826847302887376,-26.869551131895246,21.659892395967923
2001-09-19,16.49797906459331,27.190516713273514,-27.90243949203107,21.88720028154377
2001-09-20,16.452715182986164,27.222465707690663,-28.129065363919235,21.69414082631886
2001-09-21,17.2849253022141,28.763021864033973,-28.15594935457747,23.81554366798757
2001-09-22,17.62026122311736,27.89880046473463,-27.126345605900696,23.671201741404303
2001-09-23,18.491114398084317,28.26916325733911,-26.909041762784224,25.31037414894053
2001-09-24,17.596473495280428,29.1357153454905,-27.571956644963702,24.96737197814336
2001-09-25,18.55100133022584,28.402274939236463,-27.923900222539395,24.72253960584826
2001-09-26,17.380149299513903,28.49525754892144,-27.858230656223522,24.589457006900957
2001-09-27,18.06040782014716,28.57338809629514,-26.117743333929187,23.969541119023244
2001-09-28,16.22248074511159,28.691859789429092,-26.24224324132793,25.626298314586066
2001-09-29,14.25703916053264,27.038514741270625,-25.1243129827222,26.13631447243139
2001-09-30,12.092536890117172,26.44340511554995,-23.607114911852772,25.249714748466122
2001-10-01,12.795606500688036,24.89930390624211,-23.624319224818866,24.712790663285844
2001-10-02,12.650368884747634,24.112313750317853,-25.396096215412076,24.940490575768496
2001-10-03,12.591643151727299,25.112747484391242,-26.08884712523908,25.870267842664298
2001-10-04,13.24278708651595,25.40350854596147,-25.390570308295732,24.391780445376465
2001-10-05,13.735322068043097,24.635001656789015,-27.04059169657648,25.16154144805082
2001-10-06,15.233615133103436,23.91218334681199,-28.099948060848234,27.946179075473495
2001-10-07,15.718459571373243,24.0035935460807,-30.962056946991538,28.401655143414146
2001-10-08,15.754652829928814,24.31145254931957,-30.79785583444112,29.33924546569699
2001-10-09,14.75776946605552,25.854453312671904,-30.964521742758333,28.89634041958197
2001-10-10,14.039697034332647,26.23275005060235,-32.03693360055954,26.792204602746736
2001-10-11,14.29166031405503,25.67055538586875,-30.118903734197072,26.503619591685748
2001-10-12,14.686049920996801,27.425685678995364,-30.542671934676736,25.69621475175888
2001-10-13,14.952638452898903,28.694999772175677,-28.608876155152764,26.267295503677843
2001-10-14,15.24537576441763,27.831869000912956,-29.887611634922703,25.373586213801786
2001-10-15,15.241430214109933,28.275174010322246,-30.781186701186567,25.584035367040734
2001-10-16,15.391911046478997,28.802346090744948,-31.857674319678342,26.27102433631241
2001-10-17,16.518847204845574,29.161660963072645,-30.935701440135283,25.79345229325484
2001-10-18,17.870381475472826,28.47655419503295,-31.41529407338894,24.58176829326462
2001-10-19,19.18934728279166,27.94042893715797,-31.67398243081817,25.50299208415922
2001-10-20,18.71922066600782,27.19393800443376,-30.283491569074396,24.04030142121136
2001-10-21,19.072111216734186,29.13709607352322,-32.33703371068272,23.630363497267606
2001-10-22,19.11291952109543,29.58450645421797,-31.550137230495327,23.270688563835787
2001-10-23,19.03603849534777,29.935239373770866,-32.3195621153339,22.708296531259265
2001-10-24,17.988865215368214,29.385770404591078,-31.407511841924006,24.773872376332434
2001-10-25,16.815806365448836,29.420704593785437,-31.536539512642136,25.017429243123456
2001-10-26,18.49298044012353,29.216480718926913,-30.744422518544965,25.437700397047415
2001-10-27,19.445584905322917,29.474110021840165,-31.54092149917662,23.326687071254977
2001-10-28,19.33644596502976,30.112565699128837,-29.836533996189527,22.8869638627401
2001-10-29,19.048917071772017,31.801554086274766,-30.859775150275965,21.71524997299535
2001-10-30,20.196345276864644,32.776290455054976,-30.211930565954045,22.467173995640657
2001-10-31,19.11732700966056,33.43715018266165,-30.3724744288437,22.556782312916077
2001-11-01,19.20530905527361,33.963615648916736,-30.096696972994774,22.91861910390814
2001-11-02,20.04084204394466,33.98647760588837,-30.589381239689637,22.836215227158537
2001-11-03,21.83315137263665,33.45021919052992,-31.041339211911964,23.945964719000848
2001-11-04,20.35450303105348,32.420794472065765,-31.423292282899837,24.682690723389147
2001-11-05,19.831383069998804,30.823023527217337,-31.138350525916522,24.848676857626636
2001-11-06,20.219461765406024,29.8928607255316,-32.73344468172451,24.3288706599921
2001-11-07,21.80673936389523,31.30723494779565,-33.32343303383126,25.260732591906585
2001-11-08,20.879411305575417,30.711639129778955,-34.17211039657713,25.360772520904042
2001-11-09,20.419314517105686,30.55043405028582,-34.42911860181997,26.06803040060744
2001-11-10,19.929892431886152,30.542098201451754,-34.05820384308743,26.4886894099122
2001-11-11,20.480115644610724,30.565620899068303,-33.894371443053004,25.689586029007046
2001-11-12,20.7655825915094,30.407722006122366,-34.75341286157528,24.82756979377737
2001-11-13,20.31686329891392,29.181287253457885,-33.192771896947065,25.30683474215659
2001-11-14,21.116072171578296,28.86803783111622,-32.34318467332921,24.385615284811035
2001-11-15,20.524103851631374,28.29328137957943,-31.289479564129845,23.741130263048923
2001-11-16,18.659803794955888,27.20774713119359,-31.096252176617806,21.979581048176872
2001-11-17,18.24461596718255,28.102195544138894,-29.940883609213014,21.286774801465683
2001-11-18,18.417600932716258,30.546592955949095,-29.971406406076003,22.729020596801526
2001-11-19,17.697111005127596,31.022235400899838,-29.491385406158283,21.88535011906646
2001-11-20,16.740495565150336,31.11726660151137,-29.068837731772657,22.95588797265164
2001-11-21,16.944302279233366,32.01454609194798,-28.90847565032364,23.335553276908243
2001-11-22,17.39528231997976,32.865390207889156,-28.21931843893159,23.05707377102025
2001-11-23,18.328013892091874,32.9729582350175,-27.727328220526246,24.11320636418601
2001-11-24,18.580410756036116,32.04370477632492,-27.661189238672954,24.467819480940147
2001-11-25,18.50204879929444,31.116589080846065,-28.00893344533378,24.280454001174405
2001-11-26,17.5411496219914,29.911461798499158,-28.94330720281289,23.807138882561393
2001-11-27,18.40570173789566,29.987776082291983,-27.998447069161408,23.758951630824164
2001-11-28,17.945528918162726,28.796723984678696,-28.848400107981696,23.88909217948255
2001-11-29,18.700188549663604,28.965095159742297,-28.08898250730145,22.555285306914207
2001-11-30,16.952590375774236,28.179879587648813,-26.64599490008155,20.885869857668258
2001-12-01,17.589821725475716,29.546696844165858,-26.895769471840385,22.334145364081714
2001-12-02,17.93479986549733,31.281375164287272,-26.34295710070615,21.906228627870668
2001-12-03,16.746072500427225,32.595448078572936,-26.031133616569495,22.24131716955961
2001-12-04,17.298663358600077,32.842078011476204,-25.178059673456513,21.227610192197144
2001-12-05,18.43010428783683,34.926564416745386,-24.890583637197,20.547353240299508
2001-12-06,18.40879336026554,36.14096909924963,-23.927544047779403,19.862959579540885
2001-12-07,17.636719643505067,38.09749875023001,-24.54288174424592,19.851161581926767
2001-12-08,19.16605766343048,38.64346049097048,-25.04344022212941,20.68597990910504
2001-12-09,19.305137876885777,39.207595309680435,-25.471873357096566,19.751192263534243
2001-12-10,19.509433340251707,39.14111891022975,-23.836406384451838,18.831271591919208
2001-12-11,19.475896178614686,38.87031509888224,-22.561125358662384,18.106838375290906
2001-12-12,20.191506065153767,39.54152012098968,-25.1170642330878,17.20176423588536
2001-12-13,20.57166425307581,40.89591237615485,-23.58995795867275,18.145677418526546
2001-12-14,20.43771471642949,40.30448726060643,-22.332499337713777,18.7053311302811
2001-12-15,19.674370507437132,42.312536903838094,-23.014029455991178,19.354597471042656
2001-12-16,19.19034140076545,43.635421768308376,-22.969977099322424,18.954708323433945
2001-12-17,19.30888923804036,44.27900291607981,-21.747015862289494,18.365873201634834
2001-12-18,20.456881458263393,43.700043262656024,-21.57432158220102,17.5123582812031
2001-12-19,21.10246869323723,43.604540541970856,-20.63117516103825,19.036681643502376
2001-12-20,21.903907358617733,44.38425055816741,-19.14088900983019,18.346663351903896
2001-12-21,20.3778352604704,44.36004430353301,-18.75590306173138,17.807923883691313
2001-12-22,18.977634003775087,43.17804202073494,-19.698208256623346,16.38830218806302
2001-12-23,18.912549288143627,43.86508275164684,-19.078087439445508,16.12371999691963
2001-12-24,20.185987835691762,43.10639683143023,-19.204867141024668,16.242759279266075
2001-12-25,19.897897975845765,43.60704701321811,-19.456295119864777,15.722998019620881
2001-12-26,20.398980463027975,41.69771641689972,-19.34463434664083,15.777189769189947
2001-12-27,19.564220990486533,41.710242436248734,-18.91134291041403,14.560847691283646
2001-12-28,18.131497727756084,41.26433266011091,-20.22080432164364,14.627179710124492
2001-12-29,20.0920734394399,40.704271382953536,-20.45144958417502,14.905109247859437
2001-12-30,20.7299696653226,41.74574092190886,-19.32082614566904,14.443564060286242
2001-12-31,20.02438400334705,41.52485551265627,-19.42456146370077,16.15097131272197
2002-01-01,19.413356134220088,42.19022556588334,-19.30303251713608,16.117382680972607
2002-01-02,19.934944629397176,43.095584411805476,-18.254423638886056,15.708255063909167
2002-01-03,21.26702036168538,42.691358774567654,-19.478081476062762,15.475027243536845
2002-01-04,20.341045545414417,41.54622526556804,-20.577113981222794,15.731638586329192
2002-01-05,21.067722717207314,41.831676706094086,-21.043074887830745,14.543309414700508
2002-01-06,19.471278378706415,43.953958010873926,-19.297715594889798,13.945203749323689
2002-01-07,20.21562339077928,44.727833840001935,-19.674786372405322,15.445990640191532
2002-01-08,18.940870821188703,44.234677065829565,-20.034705663493064,15.273955313207138
2002-01-09,18.618763467738383,45.26691851163926,-18.919321215047436,15.514681080753272
2002-01-10,19.510884223326084,46.577493868453985,-17.107224861074865,14.21018693398115
2002-01-11,20.471236594533714,48.42936181123919,-18.56357896501697,13.442130673664948
2002-01-12,20.84168555850038,48.97756353320685,-18.038244180021724,14.028668082467378
2002-01-13,21.291898483058407,48.481507838368756,-17.79666726191231,14.391219295063035
2002-01-14,21.761730544849087,48.820806591491106,-15.358333816311903,14.895264338166713
2002-01-15,22.31956618591468,49.39173119075291,-14.009340316987936,14.697148304757349
2002-01-16,22.191531485531886,49.17865675999896,-13.35997254575137,15.336537630853782
2002-01-17,21.550048455719327,49.2012508292828,-13.910687381762541,16.121867401515708
2002-01-18,21.61895366865658,48.78346614203336,-13.30164903704617,15.48897395130119
2002-01-19,21.447602464219056,48.84045144301703,-12.099342713063763,12.690160984229228
2002-01-20,20.3431080260561,46.960854226101866,-13.259527992403036,13.226465360622363
2002-01-21,21.66273533534854,47.42764019717426,-13.693733086723775,14.54645741795987
2002-01-22,20.06933576159997,48.22265137443932,-13.698412847170646,14.490577559139533
2002-01-23,18.346583948662516,46.611043072504934,-12.99202635048917,14.63974172413851
2002-01-24,18.578897887477606,47.24500371378095,-13.381713771400094,14.044092918909007
2002-01-25,18.52004662268794,45.64805433391016,-11.290633738972017,12.332506011676243
2002-01-26,17.97582440280886,45.14892143559177,-10.431655445388733,11.812941297627686
2002-01-27,18.70381095177151,46.50869484586921,-9.511724237955239,11.745203960080223
2002-01-28,20.048901681230664,46.82789921190087,-9.247103845498689,11.473926588155
2002-01-29,20.581338422564443,46.94526959724904,-9.325114558399514,10.90491270452207
2002-01-30,19.79648659202183,46.93560035024653,-10.050873167272554,12.696015430897626
2002-01-31,19.06556832302114,45.6592344490505,-11.447965172496223,11.707407859025446
2002-02-01,20.21118539757507,45.118728308756374,-12.64192673594578,11.286083494533353
2002-02-02,19.145684455309333,47.20200084841326,-12.719802351282091,11.662625526898262
2002-02-03,18.08061860462962,46.66725480626778,-13.206620401862018,11.99890513534682
2002-02-04,18.163118021482582,46.143503336885225,-13.065942559451452,13.574271557113843
2002-02-05,18.836205194207473,46.331819541002325,-10.772027832605266,14.60675853655813
2002-02-06,19.467847544143993,43.60435533998761,-12.283246460853519,14.605408611172127
2002-02-07,20.716626003648848,41.46046994824215,-11.855472244743398,14.936305791817452
2002-02-08,19.045805706360092,41.21069086489551,-13.326441905069272,15.833276519187836
2002-02-09,18.47252154087158,41.762047910876426,-12.486043719749192,15.255286905531596
2002-02-10,19.271211519988615,43.239437248370926,-14.259361570288137,14.277008995395239
2002-02-11,19.558953444234934,42.637017574804545,-13.590465515581322,13.349451674573952
2002-02-12,18.881014294550013,43.945775714228176,-14.055773452745774,13.494846797626455
2002-02-13,21.610053715103682,42.498110561266444,-12.87158661710937,13.169004084160974
2002-02-14,22.165627162166935,41.148655688755554,-11.99952101290089,11.250694175834576
2002-02-15,22.364275041334686,41.33123580570987,-12.888671314144403,8.847050319568305
2002-02-16,21.394543943106093,40.97597948481519,-12.574683638502638,9.183476481048624
2002-02-17,19.550424421567914,40.50241939000847,-12.170929249424162,9.422903058863596
2002-02-18,18.795487956597793,40.28617915078454,-12.123784861420335,8.444081879211115
2002-02-19,17.557858301933756,40.49191461679082,-13.444959327747553,6.316421388897987
2002-02-20,17.938158602681792,40.42998302178149,-14.33468693654311,3.821044586778676
2002-02-21,17.075744064452838,39.22819910254543,-14.419573163282582,4.230953001231707
2002-02-22,17.108791819061764,37.740348185168045,-15.019096988187126,3.923753675162475
2002-02-23,17.295060651586258,37.034329184593,-15.425829418040902,4.104000830053766
2002-02-24,17.479474934569794,37.74638144971556,-14.704223302333185,4.071002498289413
2002-02-25,16.634690421095865,37.450441114488775,-14.85820633448316,4.741462290170955
2002-02-26,13.136693172403087,37.21308695509271,-15.283727574335211,3.2118558353767384
2002-02-27,15.362585532679528,37.571691006190974,-15.590721681451235,2.844889749687531
2002-02-28,14.19984803936687,37.74813137505846,-15.04890797076076,3.582219785652371
2002-03-01,16.30308293622638,37.9025088228543,-16.024496946648625,2.9695255429267267
2002-03-02,13.600473920606861,38.73592655270284,-16.31216454032563,3.0561566606945285
2002-03-03,12.904383213809297,39.72892466947769,-17.891987530755483,4.763179663102272
2002-03-04,13.496361544768614,40.32257649232082,-18.557509739938876,3.7674245469572862
2002-03-05,12.08539554399399,40.29291049480773,-17.631971224743044,5.528939477969221
2002-03-06,11.713488942283712,40.80078992340647,-18.97179769649788,3.7739279442182854
2002-03-07,12.193394155975557,40.363976957606226,-20.056458075030605,3.2327855253191693
2002-03-08,13.153108986603762,40.31472802636033,-21.36521915378119,1.7322819840879062
2002-03-09,13.178787615279397,38.8289320510944,-21.196818957388846,-0.8024004829708247
2002-03-10,13.939791174712365,37.919361829338854,-19.967809846368095,-1.0737588880393347
2002-03-11,15.596695877631397,35.96315096801221,-20.605036847526993,-1.0470810739531295
2002-03-12,18.14959500381302,34.82324274694071,-22.28017760521678,-1.1039828033107104
2002-03-13,16.79406356936244,35.448238691605404,-21.461534111977,-1.275188816389545
2002-03-14,16.19217150354545,34.46492534839597,-22.816400010155284,-0.6157830606352531
2002-03-15,16.25450775867422,34.841713769050855,-22.354002265576398,-0.17774678265151406
2002-03-16,15.438688883904383,35.448566913680686,-22.956134078001085,-0.48123690301047056
2002-03-17,15.985598544176055,35.50407503098158,-22.741422136441393,-0.7061968986860025
2002-03-18,16.85415996659348,34.94596569311152,-21.56070775753839,-0.10658074538924467
2002-03-19,16.43416303629346,35.386334743909075,-20.65073092296514,0.10862156150233432
2002-03-20,15.230799020209105,35.620771870379684,-19.931330569597375,0.28455104001506965
2002-03-21,14.845971506788372,36.911852702154356,-20.02862917640183,0.06884413352094934
2002-03-22,13.82965240992236,36.357291508566036,-18.840930701847824,-0.4291797453238425
2002-03-23,13.861156386959951,35.11325677832619,-18.080160139879844,-0.6214886653118571
2002-03-24,13.7785636945782,35.547417428391825,-15.973258434476916,-1.0479907187355848
2002-03-25,14.931062835152373,36.282696598394786,-17.296586998523356,0.07668111436080927
2002-03-26,14.27121287744401,34.44311279475942,-18.374341095822412,-0.09929281431249865
2002-03-27,12.618847581346685,33.09460218103487,-18.021008266581724,-1.1006268775768502
2002-03-28,13.745134127212827,33.58387728063787,-18.2996502245066,-0.9359137897700713
2002-03-29,13.668602153741727,33.114335919186736,-16.770498015890777,1.0861548349052987
2002-03-30,13.707335588612413,33.63229406684922,-17.21794911525119,3.977245782888586
2002-03-31,12.845559330675671,34.840113411605806,-19.130197641740846,4.023623848383065
2002-04-01,13.093634915577416,35.340644761662645,-18.270399460763606,3.228933271405638
2002-04-02,13.464732554835017,36.2342663798752,-18.056918937626033,4.370321691057342
2002-04-03,13.663741966827597,34.657535260730185,-18.803814807825123,3.5946816490498508
2002-04-04,14.379638987668674,34.19925118560745,-20.528923282977345,4.0776512321971765
2002-04-05,15.78973604990856,35.467383368493245,-19.282419465806004,3.236795812007235
2002-04-06,16.64693121526703,35.1426720340896,-20.158913277904535,3.0746564813117687
2002-04-07,17.361714541717646,34.138056853896,-20.37968067170585,1.447493326149049
2002-04-08,17.70516055620179,33.36121191855326,-21.661030003374176,2.9505256232642467
2002-04-09,16.3361736167399,34.99752801358105,-20.74583707302376,2.5745056802239197
2002-04-10,16.419784503012764,35.329216312259064,-21.486375574527194,2.8599981197059035
2002-04-11,17.98561779892696,35.74218627349052,-21.71508568949187,2.692628610492232
2002-04-12,18.65635158567056,34.969457045895446,-22.126062903830128,3.5695709659081887
2002-04-13,19.218790891517482,36.98146277690522,-19.694597787174974,3.090124976040212
2002-04-14,18.353616346581,37.53002158494881,-19.847184207346146,5.018011457797403
2002-04-15,17.69017463485528,36.94819936060867,-19.40837732724999,5.257299572913026
2002-04-16,18.166433341923753,36.26321546628998,-18.433474415805712,4.419128669984727
2002-04-17,19.019045423769718,36.39913856878556,-18.670626717396832,5.273160593282961
2002-04-18,18.541843009412904,36.51987733410603,-18.471320312098,4.64686902599281
2002-04-19,17.53287281637612,36.50380306683682,-19.768061560547533,4.393806082847325
2002-04-20,17.400716112538486,35.372012035784756,-21.504775153790305,3.45033153212275
2002-04-21,17.023421214609947,37.58121125851341,-22.01826990863262,2.815821547746762
2002-04-22,17.560753575174264,37.68243779515021,-22.476247765133287,2.5432460095847693
2002-04-23,17.008672859949062,37.57869899170605,-23.001849498893662,2.8950658854543514
2002-04-24,15.96590324132506,36.9946217081308,-22.241037241510632,3.2612673925445987
2002-04-25,13.935286380162193,37.48151127200418,-23.219582650937603,2.463047090289227
2002-04-26,14.135237497970921,37.141235566271035,-22.434752425315224,1.2234980942015816
2002-04-27,14.890593827507164,36.42937749252937,-22.359034820225894,2.488512541773524
2002-04-28,14.882845490535752,37.49689705945348,-23.056863927928255,2.2801356545638636
2002-04-29,14.968451780566589,37.8916595746699,-22.925578027387363,2.259383109401411
2002-04-30,13.292228608525367,37.55837133917926,-22.967185427539686,2.265251325926935
2002-05-01,14.194362434356087,38.55494765124564,-22.129499144988,2.9979242830758044
2002-05-02,15.376672925999323,38.379696252401594,-22.28464645187007,0.053787384606994504
2002-05-03,15.96406912135776,39.161093891518505,-23.30508553295629,1.699261653928825
2002-05-04,15.445697406523488,39.36680746465343,-23.73495881104219,2.4631984487956977
2002-05-05,14.72445393570465,38.67278966753709,-23.882631257011628,1.4530231415711492
2002-05-06,13.59099194769762,39.47941899404323,-23.598495162076418,1.8478187360168459
2002-05-07,14.352645563537573,40.32302032541765,-24.315748921257814,0.3590141071490711
2002-05-08,14.329472826280517,40.93615239787502,-23.574942636264293,0.8673358201684189
2002-05-09,13.966526987037396,40.46281047328608,-22.617685255115674,0.33329922250450994
2002-05-10,14.602036277959424,40.09849939125791,-22.626045979088158,2.472005580701145
2002-05-11,14.388990522823752,39.13364142768482,-24.429859581863177,3.3150153509884728
2002-05-12,14.97493073688223,38.56418353839175,-23.397323870959987,3.759634107521607
2002-05-13,13.892004182281529,39.81375169630245,-22.72712276214522,4.128473299621341
2002-05-14,14.023178793439154,40.62231061925562,-21.05132899866328,4.15855808978095
2002-05-15,13.145689622661404,41.29744577674814,-21.047805789014678,2.48360842983491
2002-05-16,13.107058265891318,41.11488606055462,-20.451453515021072,2.848555507032873
2002-05-17,13.231799498921408,39.596310782199104,-19.60996862170754,2.706698145445967
2002-05-18,14.304411672975904,39.64930190213602,-18.484105441130506,0.43771524182498167
2002-05-19,15.030993561187868,41.40546721337595,-17.944320132320275,-0.4586302821842334
2002-05-20,14.627694552728087,39.97224608397677,-18.217639183705607,0.5070071369064538
2002-05-21,15.003031000738208,39.00728985442178,-18.798578204710793,0.6607466446108846
2002-05-22,13.77893992165104,39.100042175899844,-16.80702693890351,-1.1824847202447097
2002-05-23,14.40810485160101,38.26744209328239,-17.455771459636086,-2.3655873984336924
2002-05-24,14.572991874013034,37.55989325949196,-17.816288138012794,-3.15315101140275
2002-05-25,12.979724130362564,37.30813894212789,-17.928425630714862,-3.9310383836479104
2002-05-26,13.572037140854576,37.94173141128946,-17.723787818187425,-3.005855576943251
2002-05-27,13.849141794127524,38.761932465359905,-18.162931134922694,-2.8345519626737836
2002-05-28,13.262277403676034,39.142261692270395,-18.09587667252925,-2.354506707880156
2002-05-29,11.511621137960418,39.14308836630843,-18.196373336046246,-2.97589171210308
2002-05-30,10.015015791327079,37.914978592205934,-19.668836257602443,-4.018879513180702
2002-05-31,11.654226613165658,36.82306439387748,-19.135858240828306,-4.613712528508713
2002-06-01,10.958275292554788,38.33012694374212,-18.228263447233388,-5.01186071649126
2002-06-02,11.047568641356015,39.20142245243217,-18.33053407846577,-5.100367661385439
2002-06-03,11.35019885595481,37.74971670274478,-18.86713149951103,-5.546800497000039
2002-06-04,13.61987488926007,37.77751746543393,-18.637371144342392,-5.952715918729298
2002-06-05,13.82639249990865,37.266610498708644,-19.20580654993287,-5.8357846442086325
2002-06-06,12.901382085533562,38.89405689194184,-19.598223114528512,-6.36093820981092
2002-06-07,13.482585728577039,39.046745486854846,-19.9840051317762,-6.793058075398612
2002-06-08,14.992253894849501,37.2216927698242,-19.738690350788783,-6.17173705267784
2002-06-09,15.673056512692975,36.06899957422814,-18.239034977758827,-6.674999335508559
2002-06-10,15.524785866830342,36.996563040934056,-17.28317305317273,-5.806276206760723
2002-06-11,15.671563277042436,36.58556993912239,-15.64404639451858,-5.960849052746181
2002-06-12,17.24372633656919,34.87325921676495,-16.49660838631458,-6.108488933738809
2002-06-13,17.27964509568256,33.87910286486539,-14.526126542092303,-5.5532317153161195
2002-06-14,19.357359308985046,33.27056049954212,-13.373023892629478,-4.819186347561702
2002-06-15,19.39300719455225,33.8235238409067,-12.62769840052679,-4.761648550290624
2002-06-16,18.93132349318254,34.31374729553948,-13.458947111651062,-5.344756379588117
2002-06-17,18.46914389757074,34.73503278391539,-13.537612682076388,-4.383853585606461
2002-06-18,17.96631629882637,34.316338862228754,-13.13734956588134,-5.69670720677184
2002-06-19,16.95155394170026,32.70748927595706,-14.091197943797287,-4.374141952301248
2002-06-20,17.64536643942524,33.594762957057284,-15.359963046512544,-3.9380806731804583
2002-06-21,17.32753740373023,33.27015143105585,-15.76268638664144,-2.913404506776037
2002-06-22,18.12957330765204,32.72125167100974,-15.637798253542828,-1.8810759004455264
2002-06-23,17.02621558804198,31.87924088895682,-15.391899828371896,-2.308485351117351
2002-06-24,16.850834533509165,31.512992803386023,-15.810689807390599,-3.5418420095578727
2002-06-25,17.82382392533468,32.77810537054925,-15.431391724261934,-4.339044691055941
2002-06-26,18.77452889974306,31.506900738085854,-14.353893362497528,-2.5639339542255852
2002-06-27,19.203929174142978,31.912631236011542,-16.316816669798772,-2.7253837883867966
2002-06-28,17.732799668248514,30.316254778899186,-16.53659993263596,-3.214499180954202
2002-06-29,15.788752545777621,28.14467641604813,-15.373591451749798,-3.1262489846480968
2002-06-30,16.670118809766944,29.626466675197985,-14.644061094667418,-2.421451422292167
2002-07-01,16.170949659491363,29.210459300742887,-13.334777013186681,-3.057548501651451
2002-07-02,15.513988089047542,29.54092339109913,-14.724805241369799,-3.4124905123827
2002-07-03,15.13845108004576,29.649527675108967,-14.383562630515817,-2.799292892317098
2002-07-04,15.324908978160808,30.031893137816223,-15.197561167850726,-4.541170382474468
2002-07-05,13.640426047486475,28.495328633397776,-16.25122500314325,-3.2838625168632687
2002-07-06,12.604599713280496,28.80518637209903,-15.358135915078519,-4.2296063640374735
2002-07-07,13.075675048790005,29.327070471982033,-16.312978595753254,-4.007305018216753
2002-07-08,11.869704169602016,31.136738188977855,-18.11232075468122,-3.650813945948549
2002-07-09,12.3081502910679,32.098099323274774,-17.835943175569447,-3.084952266043788
2002-07-10,12.366462716240248,31.078486834349523,-17.502213173157777,-1.680027103911536
2002-07-11,13.347891527003938,30.44052156657796,-16.568531980503714,-3.247283633042694
2002-07-12,12.566321937422398,32.490213313022096,-16.805504212748424,-4.537650123590636
2002-07-13,11.554368016868626,32.77576165488944,-16.16618041559803,-6.085354276720739
2002-07-14,11.24487776108885,32.75181995416015,-16.222195468086593,-6.951915607086684
2002-07-15,10.402589276986724,33.6035821397626,-16.192091588022187,-7.490943231573835
2002-07-16,10.723815989174303,33.57884006797024,-14.775098831699468,-8.282426350334147
2002-07-17,12.104035539436651,33.16018646501123,-13.645740368670072,-8.632123131169601
2002-07-18,10.40884244276431,33.30345274431867,-12.872725838547343,-7.923972767336507
2002-07-19,10.19838687424667,34.55905200489872,-13.379086948553514,-7.100470088887259
2002-07-20,10.560527600722734,35.26928302199472,-13.574016634682716,-5.614762881465345
2002-07-21,9.612885481795157,36.073974068843356,-11.733493370214024,-6.593873188651548
2002-07-22,8.955331033176087,36.65216830261306,-12.562258996734993,-8.8405521517291
2002-07-23,8.757640801027312,38.162237298473826,-11.935590847720094,-8.153908991349127
2002-07-24,7.699289877216843,38.13010421914489,-12.090791997340428,-8.042261755673909
2002-07-25,7.654506141278644,39.084152013643106,-14.142873764472732,-7.6667208673482605
2002-07-26,6.720885543459549,38.56994982591143,-14.378070131022557,-7.211466358137418
2002-07-27,7.740629757989794,39.31381161820983,-12.098544177070142,-6.600046840486219
2002-07-28,7.198856799764008,40.93401980935662,-10.336964851379374,-7.021068009159035
2002-07-29,8.197514696807565,40.66237962161965,-10.319116553667081,-6.5104572598314245
2002-07-30,10.039763753622317,42.06884704005122,-11.540950853905942,-7.647250904960081
2002-07-31,9.290948280164166,41.72588383483318,-11.439756569903494,-8.522346984693684
2002-08-01,10.195799880545815,43.0546886175234,-11.84474571422743,-7.431310522567723
2002-08-02,9.455710068529756,42.978968538788514,-11.641978936900093,-5.593961060798242
2002-08-03,9.68551688354645,41.87693507031501,-10.22163720906695,-4.757621639314688
2002-08-04,11.745755311566867,42.03603933956683,-10.87750691126929,-6.466659364220435
2002-08-05,11.118787873938038,43.23256978796868,-10.187982696525614,-4.52256078745598
2002-08-06,9.899053098350867,43.61049281274761,-10.04082012902487,-4.528804227634733
2002-08-07,10.474876077885412,43.3658980534496,-9.714037691758637,-3.1341894629060256
2002-08-08,9.052896058894381,43.83952817083556,-11.58012160250433,-3.7810233563765134
2002-08-09,9.225888915159105,41.54997197790679,-12.133627332089969,-4.80900292192983
2002-08-10,6.972288023943793,41.204294390307176,-11.743584904442866,-5.410698987124031
2002-08-11,6.1740705333065105,40.56137960880442,-11.806506896844922,-8.303138709691304
2002-08-12,6.232793234111741,41.10472344052807,-11.404074563815474,-8.270573544113375
2002-08-13,6.317684597797231,41.235234324865814,-13.263449878788405,-8.865483188560212
2002-08-14,5.140106310199965,41.17841122096006,-14.112064519482308,-8.19982515101786
2002-08-15,6.1607056665649065,39.872780020877684,-14.17550013419919,-8.100224610526547
2002-08-16,6.420509346243129,40.2373642265271,-13.786094772636094,-7.304141115008944
2002-08-17,6.461680847733423,40.56324995964966,-12.984556561875785,-7.022643964623465
2002-08-18,7.128229671118586,41.013686628226,-10.871141038763028,-6.279060206380232
2002-08-19,5.6643846189902245,42.95060267614871,-12.645024895691959,-5.013993467502126
2002-08-20,6.255832087472115,42.433560652375924,-11.887503469676227,-4.331899301579543
2002-08-21,6.190201022023552,42.69147092696295,-13.302520395893879,-4.895198556487595
2002-08-22,5.716665957137685,43.92905889249149,-11.868972772217749,-6.900741836269759
2002-08-23,5.136176662519654,44.45155529011817,-12.126677762537211,-6.120336085746748
2002-08-24,5.930532043340648,44.70315167883897,-12.429979988116957,-6.2435199107922035
2002-08-25,7.833671298398222,44.7836761071131,-13.91076551661596,-7.434018310140727
2002-08-26,7.67137413126935,44.15425229489643,-14.1711933152143,-6.865377641279922
2002-08-27,5.565143408890417,44.96977217127545,-14.696446496762162,-4.782154773326203
2002-08-28,3.496423844219464,44.33967358016741,-15.862582088321258,-5.110097997140997
2002-08-29,3.1026407510852945,45.11201269021338,-15.441473346214003,-5.61684778955882
2002-08-30,3.145473950192269,45.89691676565982,-16.167933834156454,-3.9644933018971837
2002-08-31,4.829629691236954,47.816404871949416,-15.550517056035542,-5.0853430493795635
2002-09-01,4.635603515258988,48.08521827818269,-15.673042068616152,-5.392348360838813
2002-09-02,4.588205531037484,47.479437867111194,-16.80877219378412,-8.064062306572318
2002-09-03,5.270954049397461,48.20923488990763,-17.52892666259984,-9.095036881909158
2002-09-04,4.864731580525633,47.40325427661283,-16.633167764762973,-7.978660469208319
2002-09-05,6.07904771383683,46.40811015154266,-16.996734169093596,-9.061320316258879
2002-09-06,5.909510770041111,46.46637696917922,-17.990341002055114,-9.746048583832458
2002-09-07,5.40556648665986,47.47971109260396,-18.28416536170867,-10.567448402118893
2002-09-08,7.19766856635146,47.04002423543045,-19.08009792727789,-12.993693432971739
2002-09-09,5.869594457894561,47.1912618878146,-19.395459283873635,-11.94062415765716
2002-09-10,5.084979158078919,46.31578592317945,-21.20666419010915,-9.53182439599062
2002-09-11,6.9235094854721995,43.74944621841136,-20.408299869683695,-9.739320788745054
2002-09-12,7.8411353053120685,43.454482773744715,-20.68402037429653,-8.502825028497881
2002-09-13,9.404409023358529,45.177550107009765,-22.07351172202878,-7.713768569621898
2002-09-14,8.821098647370157,45.68065794226986,-21.678459278272456,-6.730047988055206
2002-09-15,7.988964656075042,45.94225340466379,-21.382701103787284,-6.124425753706168
2002-09-16,8.672717202268938,45.51210501555482,-22.11098000431427,-8.454192351729557
2002-09-17,9.247534986914673,44.35329169647199,-20.433888246440095,-8.183178295319566
2002-09-18,8.660151289820826,44.25829346851414,-21.16205811551495,-7.072026153220946
2002-09-19,7.993441723718746,41.822431233506514,-22.399992243425636,-8.028911389949101
2002-09-20,8.615542823897988,40.593417189034696,-23.217716184592916,-7.580726301022147
2002-09-21,6.123613649078759,38.48539274187608,-22.731582707106742,-7.471905655092535
2002-09-22,5.5848203346559915,37.54709149363573,-23.24354744325196,-7.6119890767857825
2002-09-23,5.912469937127151,36.12214162333955,-23.987460289372734,-6.474177978682367
2002-09-24,5.8776539849677745,36.62138395330708,-24.09781873570538,-5.815126372529761
2002-09-25,5.280250531106325,37.01949420153374,-24.705457728530273,-6.743739963050013
2002-09-26,4.682399349523676,36.301991177849025,-25.838698889463807,-5.569273531072959
